<?xml version="1.0" encoding="UTF-8"?>
<project-private xmlns="http://www.netbeans.org/ns/project-private/1">
    <editor-bookmarks xmlns="http://www.netbeans.org/ns/editor-bookmarks/2" lastBookmarkId="0"/>
    <open-files xmlns="http://www.netbeans.org/ns/projectui-open-files/2">
        <group>
            <file>file:/E:/Filecaidat/BaiTapLonJava/QuanLiGiangVien/src/quanligiangvien/Home.java</file>
            <file>file:/E:/Filecaidat/BaiTapLonJava/QuanLiGiangVien/src/quanligiangvien/UpdateGV.java</file>
            <file>file:/E:/Filecaidat/BaiTapLonJava/QuanLiGiangVien/src/quanligiangvien/AddGV.java</file>
            <file>file:/E:/Filecaidat/BaiTapLonJava/QuanLiGiangVien/src/quanligiangvien/Conn.java</file>
            <file>file:/E:/Filecaidat/BaiTapLonJava/QuanLiGiangVien/src/quanligiangvien/Login.java</file>
            <file>file:/E:/Filecaidat/BaiTapLonJava/QuanLiGiangVien/src/quanligiangvien/ViewGV.java</file>
            <file>file:/E:/Filecaidat/BaiTapLonJava/QuanLiGiangVien/src/quanligiangvien/DeleteGV.java</file>
            <file>file:/E:/Filecaidat/BaiTapLonJava/QuanLiGiangVien/src/quanligiangvien/Splash.java</file>
        </group>
    </open-files>
</project-private>
